[
  {
    "id": 1736768624867,
    "name": "Rooh Oliveira",
    "username": "rooh",
    "email": "roohmods@gmail.com",
    "phone": "21976430222",
    "password": "$2a$10$nqPXT3GSPGeEeDECcexDKO6zqckQlaLTlKVUzH1dffSQJEXJiys92",
    "photo": "/uploads/1736980235579-1002008492.jpg",
    "category": " ",
    "legend": "",
    "bio": "",
    "suspended": false,
    "country": "Brasil",
    "posts": [
      {
        "postId": 1736778837470,
        "Post": "/uploads/1736778837393-1001992514.mp4",
        "LikesB": "0",
        "ComentsB": "0",
        "Likes": [
          1736768671454
        ],
        "Coments": [
          {
            "user": 1736768624867,
            "comment": "Comentário do usuário",
            "date": "2025-01-15T11:10:00.000Z"
          },
          {
            "user": 1736768624867,
            "comment": "Fds",
            "date": "2025-01-15T22:26:40.081Z"
          },
          {
            "user": 1736768624867,
            "comment": "Kkkk",
            "date": "2025-01-15T22:27:08.811Z"
          },
          {
            "user": 1736768624867,
            "comment": "Kakakaka",
            "date": "2025-01-15T22:27:41.504Z"
          },
          {
            "user": 1736768624867,
            "comment": "💀💀💀",
            "date": "2025-01-15T22:33:20.790Z"
          },
          {
            "user": 1736768671454,
            "comment": "Legal",
            "date": "2025-01-15T22:56:22.231Z"
          },
          {
            "user": 1736768671454,
            "comment": "Kakakakakaakakkaakkaakakka",
            "date": "2025-01-15T22:57:06.576Z"
          },
          {
            "user": 1736768671454,
            "comment": "K",
            "date": "2025-01-16T11:35:38.271Z"
          },
          {
            "user": 1736768671454,
            "comment": ";-",
            "date": "2025-01-18T01:16:37.970Z"
          },
          {
            "user": 1736768671454,
            "comment": "!",
            "date": "2025-01-18T01:16:48.195Z"
          },
          {
            "user": 1736768671454,
            "comment": "Meio bugado, dps aneiro",
            "date": "2025-01-18T01:17:00.161Z"
          },
          {
            "user": 1736768671454,
            "comment": "Meio bugado, dps ajeito kkk",
            "date": "2025-01-18T01:17:06.984Z"
          },
          {
            "user": 1736768671454,
            "comment": "Legal",
            "date": "2025-01-18T11:23:33.452Z"
          },
          {
            "user": 1736768671454,
            "comment": "😎",
            "date": "2025-01-18T19:29:57.268Z"
          },
          {
            "user": 1736768671454,
            "comment": "Kakakaka",
            "date": "2025-01-20T22:40:09.764Z"
          }
        ],
        "Description": "K",
        "DateTime": "dia 13/01/2025 às 11:33"
      },
      {
        "postId": 1736977871147,
        "Post": "/uploads/1736977871093-1002008491.jpg",
        "LikesB": "0",
        "ComentsB": "0",
        "Likes": [],
        "Coments": [
          {
            "user": 1736768624867,
            "comment": "🚶🏽‍♂️",
            "date": "2025-01-15T22:33:48.776Z"
          },
          {
            "user": 1736768671454,
            "comment": "🤡",
            "date": "2025-01-18T01:17:16.754Z"
          },
          {
            "user": 1736768671454,
            "comment": "💀",
            "date": "2025-01-18T19:30:18.229Z"
          }
        ],
        "Description": "Fds",
        "DateTime": "dia 15/01/2025 às 18:51"
      },
      {
        "postId": 1736977915114,
        "Post": "/uploads/1736977915076-1002008940.jpg",
        "LikesB": "0",
        "ComentsB": "0",
        "Likes": [
          1736768671454
        ],
        "Coments": [
          {
            "user": 1736768624867,
            "comment": "Legal",
            "date": "2025-01-15T22:28:57.742Z"
          },
          {
            "user": 1736768624867,
            "comment": "Nicr",
            "date": "2025-01-15T22:29:32.406Z"
          },
          {
            "user": 1736768671454,
            "comment": "Legal kkk",
            "date": "2025-01-17T15:01:11.374Z"
          },
          {
            "user": 1736768671454,
            "comment": "Fds",
            "date": "2025-01-17T15:02:22.374Z"
          },
          {
            "user": 1736768671454,
            "comment": "Kkkkk",
            "date": "2025-01-17T15:02:39.539Z"
          },
          {
            "user": 1736768671454,
            "comment": "Hmmm",
            "date": "2025-01-18T01:10:23.643Z"
          },
          {
            "user": 1736768671454,
            "comment": "KKKKKk",
            "date": "2025-01-18T01:11:12.470Z"
          },
          {
            "user": 1736768671454,
            "comment": "K",
            "date": "2025-01-18T01:11:43.273Z"
          },
          {
            "user": 1736768671454,
            "comment": "K",
            "date": "2025-01-18T01:11:54.838Z"
          },
          {
            "user": 1736768671454,
            "comment": "🎂🎂🎂🎂",
            "date": "2025-01-18T11:30:01.796Z"
          }
        ],
        "Description": "",
        "DateTime": "dia 15/01/2025 às 18:51"
      }
    ],
    "chats": [],
    "followersB": 0,
    "followers": [],
    "followingB": 0,
    "following": [],
    "verifications": {
      "azul": false,
      "verde": false,
      "vermelho": false,
      "amarelo": false,
      "roxo": false,
      "colorido": true,
      "gold": false
    },
    "resetToken": "e2b91a7b7c7a39534d9f35f8872f49a3a9b1e9b2cd9877da232ac4936d4c7dad",
    "resetTokenExpiry": 1738608393184
  },
  {
    "id": 1736768671454,
    "name": "Mexus",
    "username": "mexus",
    "email": "uairogerioofc@gmail.com",
    "phone": "22",
    "password": "$2a$10$R/gqH5U/v0R1iOYReT.9QudHSdHUFUnxtk19Boz/wDvW/N/HBMXYS",
    "photo": "/uploads/default.png",
    "category": " ",
    "legend": "@mexus kksjk",
    "bio": "",
    "suspended": false,
    "country": "Brasil",
    "posts": [
      {
        "postId": 1737162403562,
        "Post": "/uploads/1737162403367-1002018882.mp4",
        "LikesB": "0",
        "ComentsB": "0",
        "Likes": [
          1736768671454
        ],
        "Coments": [
          {
            "user": 1736768671454,
            "comment": "KKKKK",
            "date": "2025-01-18T01:07:46.394Z"
          },
          {
            "user": 1736768671454,
            "comment": "Kakakaka",
            "date": "2025-01-18T01:08:01.405Z"
          },
          {
            "user": 1736768671454,
            "comment": "Nicrre",
            "date": "2025-01-18T19:29:41.708Z"
          },
          {
            "user": 1736768671454,
            "comment": "Fds",
            "date": "2025-01-20T22:28:47.684Z"
          }
        ],
        "Description": "",
        "DateTime": "dia 17/01/2025 às 22:06"
      },
      {
        "postId": 1737403011951,
        "Post": "/uploads/1737403011892-1002030815.jpg",
        "LikesB": "0",
        "ComentsB": "0",
        "Likes": [],
        "Coments": [],
        "Description": "@mexus",
        "DateTime": "dia 20/01/2025 às 16:56"
      },
      {
        "postId": 1737412340722,
        "Post": "/uploads/1737412340680-1002032579.jpg",
        "LikesB": "0",
        "ComentsB": "0",
        "Likes": [],
        "Coments": [
          {
            "user": 1736768671454,
            "comment": "Gd",
            "date": "2025-01-20T22:33:24.898Z"
          }
        ],
        "Description": "",
        "DateTime": "dia 20/01/2025 às 19:32"
      }
    ],
    "chats": [],
    "followersB": 0,
    "followers": [
      1736768671454
    ],
    "followingB": 0,
    "following": [
      1736768671454
    ],
    "verifications": {
      "azul": false,
      "verde": false,
      "vermelho": false,
      "amarelo": false,
      "roxo": false,
      "colorido": true,
      "a": false
    }
  }
]